{
      "Loss/train/dec": [
            0.10265461059615892,
            0.049250802895394456,
            0.041783723559219034,
            0.037738197142310186,
            0.03454431290507617
      ],
      "Score/train/dec": {
            "map": [
                  0.8231891989707947,
                  0.910731315612793,
                  0.9220774173736572,
                  0.9282612204551697,
                  0.9341687560081482
            ],
            "map_50": [
                  0.9543030858039856,
                  0.9898777604103088,
                  0.9899981021881104,
                  0.9900286197662354,
                  0.9900697469711304
            ],
            "map_75": [
                  0.9235918521881104,
                  0.98955899477005,
                  0.9898816347122192,
                  0.9899367690086365,
                  0.9900119304656982
            ],
            "map_small": [
                  0.7122654318809509,
                  0.8116141557693481,
                  0.8242185711860657,
                  0.8359723687171936,
                  0.8393864631652832
            ],
            "map_medium": [
                  0.8227558732032776,
                  0.909688413143158,
                  0.9219041466712952,
                  0.928688108921051,
                  0.9351718425750732
            ],
            "map_large": [
                  0.8224565386772156,
                  0.938366711139679,
                  0.944491446018219,
                  0.9568932056427002,
                  0.9665698409080505
            ],
            "mar_1": [
                  0.29380685091018677,
                  0.3199124336242676,
                  0.3227318823337555,
                  0.32413578033447266,
                  0.3255448341369629
            ],
            "mar_10": [
                  0.8545333743095398,
                  0.9359014630317688,
                  0.9458783864974976,
                  0.9518502354621887,
                  0.9562696218490601
            ],
            "mar_100": [
                  0.8619937896728516,
                  0.9359222650527954,
                  0.9458783864974976,
                  0.9518502354621887,
                  0.9562696218490601
            ],
            "mar_small": [
                  0.8163167834281921,
                  0.8956477046012878,
                  0.9082948565483093,
                  0.9160608053207397,
                  0.9207544326782227
            ],
            "mar_medium": [
                  0.8689357042312622,
                  0.9416581392288208,
                  0.9513185620307922,
                  0.9570168256759644,
                  0.9614840745925903
            ],
            "mar_large": [
                  0.9043750762939453,
                  0.9784998893737793,
                  0.9828749895095825,
                  0.984375,
                  0.9886250495910645
            ],
            "map_per_class": [
                  -1.0,
                  -1.0,
                  -1.0,
                  -1.0,
                  -1.0
            ],
            "mar_100_per_class": [
                  -1.0,
                  -1.0,
                  -1.0,
                  -1.0,
                  -1.0
            ]
      },
      "Loss/val/dec": [
            0.0462382332572257,
            0.04029626141897043,
            0.03740080083446061,
            0.032043864341950654,
            0.03085284611719688
      ],
      "Score/val/dec": {
            "map": [
                  0.9156585931777954,
                  0.9247249364852905,
                  0.9311235547065735,
                  0.9424740076065063,
                  0.9442017078399658
            ],
            "map_50": [
                  0.9898949861526489,
                  0.9900208115577698,
                  0.9998149275779724,
                  0.9998623728752136,
                  0.9998806715011597
            ],
            "map_75": [
                  0.9898378252983093,
                  0.9899773001670837,
                  0.9899933934211731,
                  0.9900205135345459,
                  0.9899965524673462
            ],
            "map_small": [
                  0.81156986951828,
                  0.809592068195343,
                  0.8211137652397156,
                  0.8493779301643372,
                  0.8573135733604431
            ],
            "map_medium": [
                  0.9177166223526001,
                  0.9263088703155518,
                  0.9355358481407166,
                  0.9451011419296265,
                  0.9471496343612671
            ],
            "map_large": [
                  0.9631303548812866,
                  0.9647013545036316,
                  0.9724135398864746,
                  0.9714510440826416,
                  0.9617903828620911
            ],
            "mar_1": [
                  0.3201424777507782,
                  0.3213607668876648,
                  0.32255837321281433,
                  0.32518070936203003,
                  0.3253975212574005
            ],
            "mar_10": [
                  0.9404501914978027,
                  0.949907124042511,
                  0.952003002166748,
                  0.9609643220901489,
                  0.9611708521842957
            ],
            "mar_100": [
                  0.9404501914978027,
                  0.949907124042511,
                  0.952003002166748,
                  0.9609643220901489,
                  0.9611708521842957
            ],
            "mar_small": [
                  0.9050033688545227,
                  0.9178785085678101,
                  0.9225484132766724,
                  0.9286190867424011,
                  0.9293529391288757
            ],
            "mar_medium": [
                  0.9461065530776978,
                  0.9548529386520386,
                  0.9566982388496399,
                  0.9661951065063477,
                  0.9662320017814636
            ],
            "mar_large": [
                  0.9789473414421082,
                  0.9842106103897095,
                  0.9818713068962097,
                  0.9888889193534851,
                  0.9853801727294922
            ],
            "map_per_class": [
                  -1.0,
                  -1.0,
                  -1.0,
                  -1.0,
                  -1.0
            ],
            "mar_100_per_class": [
                  -1.0,
                  -1.0,
                  -1.0,
                  -1.0,
                  -1.0
            ]
      }
}