{
      "Test/detection/scores": {
            "map": [
                  0.5768294930458069
            ],
            "map_50": [
                  0.7882744669914246
            ],
            "map_75": [
                  0.6662445068359375
            ],
            "map_small": [
                  0.30135396122932434
            ],
            "map_medium": [
                  0.5706528425216675
            ],
            "map_large": [
                  0.7570800185203552
            ],
            "mar_1": [
                  0.39201420545578003
            ],
            "mar_10": [
                  0.699612021446228
            ],
            "mar_100": [
                  0.7027157545089722
            ],
            "mar_small": [
                  0.5303546190261841
            ],
            "mar_medium": [
                  0.7142857313156128
            ],
            "mar_large": [
                  0.8630744814872742
            ],
            "map_per_class": [
                  -1.0
            ],
            "mar_100_per_class": [
                  -1.0
            ]
      },
      "Test/scores": {
            "map": [
                  0.6322197318077087
            ],
            "map_50": [
                  0.848167359828949
            ],
            "map_75": [
                  0.7288682460784912
            ],
            "map_small": [
                  0.4096773862838745
            ],
            "map_medium": [
                  0.633927583694458
            ],
            "map_large": [
                  0.8042340278625488
            ],
            "mar_1": [
                  0.6340969800949097
            ],
            "mar_10": [
                  0.7083831429481506
            ],
            "mar_100": [
                  0.7083831429481506
            ],
            "mar_small": [
                  0.5380663275718689
            ],
            "mar_medium": [
                  0.7187442183494568
            ],
            "mar_large": [
                  0.8475158214569092
            ],
            "map_per_class": [
                  -1.0
            ],
            "mar_100_per_class": [
                  -1.0
            ]
      }
}