{
      "Test/detection/scores": {
            "map": [
                  0.3346562087535858
            ],
            "map_50": [
                  0.5198756456375122
            ],
            "map_75": [
                  0.3710549473762512
            ],
            "map_small": [
                  0.07159528881311417
            ],
            "map_medium": [
                  0.3314666450023651
            ],
            "map_large": [
                  0.5685147643089294
            ],
            "mar_1": [
                  0.279707133769989
            ],
            "mar_10": [
                  0.44439905881881714
            ],
            "mar_100": [
                  0.44439905881881714
            ],
            "mar_small": [
                  0.10267295688390732
            ],
            "mar_medium": [
                  0.4562165141105652
            ],
            "mar_large": [
                  0.7629032135009766
            ],
            "map_per_class": [
                  -1.0
            ],
            "mar_100_per_class": [
                  -1.0
            ]
      },
      "Test/scores": {
            "map": [
                  0.3509462773799896
            ],
            "map_50": [
                  0.5418745875358582
            ],
            "map_75": [
                  0.39627066254615784
            ],
            "map_small": [
                  0.10312353074550629
            ],
            "map_medium": [
                  0.36203068494796753
            ],
            "map_large": [
                  0.6156265735626221
            ],
            "mar_1": [
                  0.3845522999763489
            ],
            "mar_10": [
                  0.413173109292984
            ],
            "mar_100": [
                  0.413173109292984
            ],
            "mar_small": [
                  0.1089521050453186
            ],
            "mar_medium": [
                  0.43510565161705017
            ],
            "mar_large": [
                  0.6888605356216431
            ],
            "map_per_class": [
                  -1.0
            ],
            "mar_100_per_class": [
                  -1.0
            ]
      }
}