{
      "Test/detection/scores": {
            "map": [
                  0.7230718731880188
            ],
            "map_50": [
                  0.9150265455245972
            ],
            "map_75": [
                  0.866420328617096
            ],
            "map_small": [
                  0.6091390252113342
            ],
            "map_medium": [
                  0.7835851907730103
            ],
            "map_large": [
                  0.7802448868751526
            ],
            "mar_1": [
                  0.5006564855575562
            ],
            "mar_10": [
                  0.798468291759491
            ],
            "mar_100": [
                  0.798468291759491
            ],
            "mar_small": [
                  0.6849161386489868
            ],
            "mar_medium": [
                  0.8693486452102661
            ],
            "mar_large": [
                  0.8869565725326538
            ],
            "map_per_class": [
                  -1.0
            ],
            "mar_100_per_class": [
                  -1.0
            ]
      },
      "Test/scores": {
            "map": [
                  0.6719096302986145
            ],
            "map_50": [
                  0.8271318078041077
            ],
            "map_75": [
                  0.7904868721961975
            ],
            "map_small": [
                  0.5524797439575195
            ],
            "map_medium": [
                  0.7566569447517395
            ],
            "map_large": [
                  0.9017897844314575
            ],
            "mar_1": [
                  0.6087180376052856
            ],
            "mar_10": [
                  0.6960553526878357
            ],
            "mar_100": [
                  0.6960553526878357
            ],
            "mar_small": [
                  0.5777751803398132
            ],
            "mar_medium": [
                  0.7765723466873169
            ],
            "mar_large": [
                  0.9038461446762085
            ],
            "map_per_class": [
                  -1.0
            ],
            "mar_100_per_class": [
                  -1.0
            ]
      }
}