{
      "Test/detection/scores": {
            "map": [
                  0.776135265827179
            ],
            "map_50": [
                  0.927155077457428
            ],
            "map_75": [
                  0.9139906764030457
            ],
            "map_small": [
                  0.6675297617912292
            ],
            "map_medium": [
                  0.8293231129646301
            ],
            "map_large": [
                  0.7224894762039185
            ],
            "mar_1": [
                  0.5459999442100525
            ],
            "mar_10": [
                  0.8422857522964478
            ],
            "mar_100": [
                  0.8422857522964478
            ],
            "mar_small": [
                  0.7637096643447876
            ],
            "mar_medium": [
                  0.8920705914497375
            ],
            "mar_large": [
                  0.7333332896232605
            ],
            "map_per_class": [
                  -1.0
            ],
            "mar_100_per_class": [
                  -1.0
            ]
      },
      "Test/scores": {
            "map": [
                  0.7365844249725342
            ],
            "map_50": [
                  0.8570675253868103
            ],
            "map_75": [
                  0.8523097634315491
            ],
            "map_small": [
                  0.5944731831550598
            ],
            "map_medium": [
                  0.8124403953552246
            ],
            "map_large": [
                  0.870098888874054
            ],
            "mar_1": [
                  0.6598224639892578
            ],
            "mar_10": [
                  0.7586959004402161
            ],
            "mar_100": [
                  0.7586959004402161
            ],
            "mar_small": [
                  0.6188393831253052
            ],
            "mar_medium": [
                  0.8371213674545288
            ],
            "mar_large": [
                  0.871999979019165
            ],
            "map_per_class": [
                  -1.0
            ],
            "mar_100_per_class": [
                  -1.0
            ]
      }
}