{
      "Test/detection/scores": {
            "map": [
                  0.746157169342041
            ],
            "map_50": [
                  0.909961462020874
            ],
            "map_75": [
                  0.8872647285461426
            ],
            "map_small": [
                  0.6331338286399841
            ],
            "map_medium": [
                  0.8051373958587646
            ],
            "map_large": [
                  0.764576256275177
            ],
            "mar_1": [
                  0.5076990127563477
            ],
            "mar_10": [
                  0.8204724192619324
            ],
            "mar_100": [
                  0.8204724192619324
            ],
            "mar_small": [
                  0.7167832255363464
            ],
            "mar_medium": [
                  0.8841499090194702
            ],
            "mar_large": [
                  0.8575000762939453
            ],
            "map_per_class": [
                  -1.0
            ],
            "mar_100_per_class": [
                  -1.0
            ]
      },
      "Test/scores": {
            "map": [
                  0.6716358661651611
            ],
            "map_50": [
                  0.8086870312690735
            ],
            "map_75": [
                  0.7873258590698242
            ],
            "map_small": [
                  0.520081639289856
            ],
            "map_medium": [
                  0.7436800599098206
            ],
            "map_large": [
                  0.842896044254303
            ],
            "mar_1": [
                  0.6140543222427368
            ],
            "mar_10": [
                  0.699791669845581
            ],
            "mar_100": [
                  0.699791669845581
            ],
            "mar_small": [
                  0.5513917803764343
            ],
            "mar_medium": [
                  0.7727228403091431
            ],
            "mar_large": [
                  0.8645832538604736
            ],
            "map_per_class": [
                  -1.0
            ],
            "mar_100_per_class": [
                  -1.0
            ]
      }
}