{
      "Test/detection/scores": {
            "map": [
                  0.7240440845489502
            ],
            "map_50": [
                  0.9074221253395081
            ],
            "map_75": [
                  0.8928412795066833
            ],
            "map_small": [
                  0.5653902292251587
            ],
            "map_medium": [
                  0.782021701335907
            ],
            "map_large": [
                  0.6501947045326233
            ],
            "mar_1": [
                  0.5194842219352722
            ],
            "mar_10": [
                  0.793123185634613
            ],
            "mar_100": [
                  0.793123185634613
            ],
            "mar_small": [
                  0.7169355154037476
            ],
            "mar_medium": [
                  0.8384956121444702
            ],
            "mar_large": [
                  0.7444443702697754
            ],
            "map_per_class": [
                  -1.0
            ],
            "mar_100_per_class": [
                  -1.0
            ]
      },
      "Test/scores": {
            "map": [
                  0.587544322013855
            ],
            "map_50": [
                  0.7113848328590393
            ],
            "map_75": [
                  0.7047255635261536
            ],
            "map_small": [
                  0.388534814119339
            ],
            "map_medium": [
                  0.7016392350196838
            ],
            "map_large": [
                  0.8768317103385925
            ],
            "mar_1": [
                  0.5391930937767029
            ],
            "mar_10": [
                  0.6045980453491211
            ],
            "mar_100": [
                  0.6045980453491211
            ],
            "mar_small": [
                  0.43229958415031433
            ],
            "mar_medium": [
                  0.7188299894332886
            ],
            "mar_large": [
                  0.8759999871253967
            ],
            "map_per_class": [
                  -1.0
            ],
            "mar_100_per_class": [
                  -1.0
            ]
      }
}