{
      "Test/detection/scores": {
            "map": [
                  0.3893570005893707
            ],
            "map_50": [
                  0.5338231921195984
            ],
            "map_75": [
                  0.4501820504665375
            ],
            "map_small": [
                  0.10115161538124084
            ],
            "map_medium": [
                  0.3917037546634674
            ],
            "map_large": [
                  0.5810871124267578
            ],
            "mar_1": [
                  0.3270557224750519
            ],
            "mar_10": [
                  0.49802955985069275
            ],
            "mar_100": [
                  0.49802955985069275
            ],
            "mar_small": [
                  0.14841268956661224
            ],
            "mar_medium": [
                  0.5142671465873718
            ],
            "mar_large": [
                  0.7529510259628296
            ],
            "map_per_class": [
                  -1.0
            ],
            "mar_100_per_class": [
                  -1.0
            ]
      },
      "Test/scores": {
            "map": [
                  0.3804870545864105
            ],
            "map_50": [
                  0.5086198449134827
            ],
            "map_75": [
                  0.4422776401042938
            ],
            "map_small": [
                  0.1316436380147934
            ],
            "map_medium": [
                  0.38882899284362793
            ],
            "map_large": [
                  0.5992501378059387
            ],
            "mar_1": [
                  0.4102737009525299
            ],
            "mar_10": [
                  0.43681687116622925
            ],
            "mar_100": [
                  0.43681687116622925
            ],
            "mar_small": [
                  0.14142999053001404
            ],
            "mar_medium": [
                  0.4548368752002716
            ],
            "mar_large": [
                  0.6605527997016907
            ],
            "map_per_class": [
                  -1.0
            ],
            "mar_100_per_class": [
                  -1.0
            ]
      }
}