{
      "Test/detection/scores": {
            "map": [
                  0.7016189098358154
            ],
            "map_50": [
                  0.8948225378990173
            ],
            "map_75": [
                  0.8737353086471558
            ],
            "map_small": [
                  0.5263241529464722
            ],
            "map_medium": [
                  0.7665680050849915
            ],
            "map_large": [
                  0.8012033104896545
            ],
            "mar_1": [
                  0.4827050566673279
            ],
            "mar_10": [
                  0.7687361836433411
            ],
            "mar_100": [
                  0.7687361836433411
            ],
            "mar_small": [
                  0.6875
            ],
            "mar_medium": [
                  0.8161538243293762
            ],
            "mar_large": [
                  0.8714286684989929
            ],
            "map_per_class": [
                  -1.0
            ],
            "mar_100_per_class": [
                  -1.0
            ]
      },
      "Test/scores": {
            "map": [
                  0.5484128594398499
            ],
            "map_50": [
                  0.6798490285873413
            ],
            "map_75": [
                  0.66941899061203
            ],
            "map_small": [
                  0.338407427072525
            ],
            "map_medium": [
                  0.6702553629875183
            ],
            "map_large": [
                  0.8099422454833984
            ],
            "mar_1": [
                  0.496517151594162
            ],
            "mar_10": [
                  0.5741258263587952
            ],
            "mar_100": [
                  0.5741258263587952
            ],
            "mar_small": [
                  0.3949199616909027
            ],
            "mar_medium": [
                  0.6812241077423096
            ],
            "mar_large": [
                  0.8111111521720886
            ],
            "map_per_class": [
                  -1.0
            ],
            "mar_100_per_class": [
                  -1.0
            ]
      }
}