{
      "Test/detection/scores": {
            "map": [
                  0.7024337649345398
            ],
            "map_50": [
                  0.8956823945045471
            ],
            "map_75": [
                  0.8738833069801331
            ],
            "map_small": [
                  0.5248134732246399
            ],
            "map_medium": [
                  0.7669999003410339
            ],
            "map_large": [
                  0.7462259531021118
            ],
            "mar_1": [
                  0.48432764410972595
            ],
            "mar_10": [
                  0.7742654085159302
            ],
            "mar_100": [
                  0.7742654085159302
            ],
            "mar_small": [
                  0.6910165548324585
            ],
            "mar_medium": [
                  0.8245614171028137
            ],
            "mar_large": [
                  0.8222222328186035
            ],
            "map_per_class": [
                  -1.0
            ],
            "mar_100_per_class": [
                  -1.0
            ]
      },
      "Test/scores": {
            "map": [
                  0.533189058303833
            ],
            "map_50": [
                  0.6601029634475708
            ],
            "map_75": [
                  0.6493144035339355
            ],
            "map_small": [
                  0.30383092164993286
            ],
            "map_medium": [
                  0.6427901387214661
            ],
            "map_large": [
                  0.8505436778068542
            ],
            "mar_1": [
                  0.5009540915489197
            ],
            "mar_10": [
                  0.5674538016319275
            ],
            "mar_100": [
                  0.5674538016319275
            ],
            "mar_small": [
                  0.37686482071876526
            ],
            "mar_medium": [
                  0.6609795093536377
            ],
            "mar_large": [
                  0.851307213306427
            ],
            "map_per_class": [
                  -1.0
            ],
            "mar_100_per_class": [
                  -1.0
            ]
      }
}