{
      "Loss/train/cls": [
            1.4125681833007568,
            0.3236527777116646,
            0.13734276632837764,
            0.08031116166491979,
            0.05150905009112127,
            0.033256196058600536,
            0.025587043113428243,
            0.0192538688455633,
            0.015777389585587696,
            0.015540105349782202
      ],
      "Acc/train/cls": [
            0.655098578112938,
            0.9254166956385246,
            0.9733524266217586,
            0.9851315081531282,
            0.9914937063798237,
            0.994355009852054,
            0.9959794693029228,
            0.9969883165403878,
            0.9978374183224505,
            0.9970282033504351
      ],
      "Loss/val/cls": [
            0.3577407063047091,
            0.1279650156551765,
            0.08699185768504523,
            0.08550755764978628,
            0.06582348796293243,
            0.08133788493785282,
            0.07872745278556573,
            0.07759232328532056,
            0.0772251186153153,
            0.07815800659339099
      ],
      "Acc/val/cls": [
            0.895885667575388,
            0.9656083105499716,
            0.9776455081190577,
            0.9802408924007164,
            0.9840227825598671,
            0.9818522665977459,
            0.9827410725897512,
            0.9838455074661159,
            0.9840935182559224,
            0.9837108823732865
      ]
}