{
      "Test/detection/scores": {
            "map": [
                  0.7495421767234802
            ],
            "map_50": [
                  0.9190266132354736
            ],
            "map_75": [
                  0.8865870237350464
            ],
            "map_small": [
                  0.6623921394348145
            ],
            "map_medium": [
                  0.7893431186676025
            ],
            "map_large": [
                  0.7019389271736145
            ],
            "mar_1": [
                  0.5248538255691528
            ],
            "mar_10": [
                  0.8128655552864075
            ],
            "mar_100": [
                  0.8128655552864075
            ],
            "mar_small": [
                  0.7430894374847412
            ],
            "mar_medium": [
                  0.8568181991577148
            ],
            "mar_large": [
                  0.7888888716697693
            ],
            "map_per_class": [
                  -1.0
            ],
            "mar_100_per_class": [
                  -1.0
            ]
      },
      "Test/scores": {
            "map": [
                  0.7181999087333679
            ],
            "map_50": [
                  0.854964017868042
            ],
            "map_75": [
                  0.8409517407417297
            ],
            "map_small": [
                  0.5837253928184509
            ],
            "map_medium": [
                  0.7993004322052002
            ],
            "map_large": [
                  0.8407920598983765
            ],
            "mar_1": [
                  0.6380600929260254
            ],
            "mar_10": [
                  0.7356739044189453
            ],
            "mar_100": [
                  0.7356739044189453
            ],
            "mar_small": [
                  0.5964047908782959
            ],
            "mar_medium": [
                  0.8209564089775085
            ],
            "mar_large": [
                  0.8399999141693115
            ],
            "map_per_class": [
                  -1.0
            ],
            "mar_100_per_class": [
                  -1.0
            ]
      }
}