{
    "Test/detection/scores": {
        "map": [
            0.688869833946228
        ],
        "map_50": [
            0.8904504776000977
        ],
        "map_75": [
            0.8506273031234741
        ],
        "map_small": [
            0.5964917540550232
        ],
        "map_medium": [
            0.7364238500595093
        ],
        "map_large": [
            0.7310241460800171
        ],
        "mar_1": [
            0.4863736629486084
        ],
        "mar_10": [
            0.7608791589736938
        ],
        "mar_100": [
            0.7608791589736938
        ],
        "mar_small": [
            0.6677966117858887
        ],
        "mar_medium": [
            0.8191571235656738
        ],
        "mar_large": [
            0.8434783220291138
        ],
        "map_per_class": [
            -1.0
        ],
        "mar_100_per_class": [
            -1.0
        ]
    },
    "Test/scores": {
        "map": [
            0.6443325281143188
        ],
        "map_50": [
            0.8003068566322327
        ],
        "map_75": [
            0.7822229862213135
        ],
        "map_small": [
            0.5181837677955627
        ],
        "map_medium": [
            0.728991687297821
        ],
        "map_large": [
            0.8182216286659241
        ],
        "mar_1": [
            0.5885436534881592
        ],
        "mar_10": [
            0.6704379916191101
        ],
        "mar_100": [
            0.6704379916191101
        ],
        "mar_small": [
            0.5402209162712097
        ],
        "mar_medium": [
            0.7496765851974487
        ],
        "mar_large": [
            0.8307692408561707
        ],
        "map_per_class": [
            -1.0
        ],
        "mar_100_per_class": [
            -1.0
        ]
    }
}