{
    "Test/detection/scores": {
        "map": [
            0.3214338421821594
        ],
        "map_50": [
            0.5163049101829529
        ],
        "map_75": [
            0.36383697390556335
        ],
        "map_small": [
            0.06804090738296509
        ],
        "map_medium": [
            0.3153141438961029
        ],
        "map_large": [
            0.5252525806427002
        ],
        "mar_1": [
            0.27612578868865967
        ],
        "mar_10": [
            0.4319157004356384
        ],
        "mar_100": [
            0.43216586112976074
        ],
        "mar_small": [
            0.09131944179534912
        ],
        "mar_medium": [
            0.43767037987709045
        ],
        "mar_large": [
            0.7404605150222778
        ],
        "map_per_class": [
            -1.0
        ],
        "mar_100_per_class": [
            -1.0
        ]
    },
    "Test/scores": {
        "map": [
            0.3197357952594757
        ],
        "map_50": [
            0.5014222264289856
        ],
        "map_75": [
            0.3516576290130615
        ],
        "map_small": [
            0.08162854611873627
        ],
        "map_medium": [
            0.3224310576915741
        ],
        "map_large": [
            0.5551424622535706
        ],
        "mar_1": [
            0.354843407869339
        ],
        "mar_10": [
            0.379395067691803
        ],
        "mar_100": [
            0.379395067691803
        ],
        "mar_small": [
            0.08522634953260422
        ],
        "mar_medium": [
            0.39023494720458984
        ],
        "mar_large": [
            0.6331650614738464
        ],
        "map_per_class": [
            -1.0
        ],
        "mar_100_per_class": [
            -1.0
        ]
    }
}