{
      "Test/detection/scores": {
            "map": [
                  0.7145912647247314
            ],
            "map_50": [
                  0.8924001455307007
            ],
            "map_75": [
                  0.8689931631088257
            ],
            "map_small": [
                  0.621947705745697
            ],
            "map_medium": [
                  0.7630655765533447
            ],
            "map_large": [
                  0.679324746131897
            ],
            "mar_1": [
                  0.49043402075767517
            ],
            "mar_10": [
                  0.7863596677780151
            ],
            "mar_100": [
                  0.7863596677780151
            ],
            "mar_small": [
                  0.6967058777809143
            ],
            "mar_medium": [
                  0.8444444537162781
            ],
            "mar_large": [
                  0.7949999570846558
            ],
            "map_per_class": [
                  -1.0
            ],
            "mar_100_per_class": [
                  -1.0
            ]
      },
      "Test/scores": {
            "map": [
                  0.6562105417251587
            ],
            "map_50": [
                  0.8012911081314087
            ],
            "map_75": [
                  0.7850741744041443
            ],
            "map_small": [
                  0.5167918801307678
            ],
            "map_medium": [
                  0.7390400171279907
            ],
            "map_large": [
                  0.7619471549987793
            ],
            "mar_1": [
                  0.6009462475776672
            ],
            "mar_10": [
                  0.6907415986061096
            ],
            "mar_100": [
                  0.6907415986061096
            ],
            "mar_small": [
                  0.546278715133667
            ],
            "mar_medium": [
                  0.7728386521339417
            ],
            "mar_large": [
                  0.7702777981758118
            ],
            "map_per_class": [
                  -1.0
            ],
            "mar_100_per_class": [
                  -1.0
            ]
      }
}