{
    "Loss/train/dec": [
        0.10362564666000636,
        0.049183088935185054,
        0.04320573498647741,
        0.03957696796363168,
        0.037018883507987106
    ],
    "Score/train/dec": {
        "map": [
            0.800909161567688,
            0.8952972888946533,
            0.9098223447799683,
            0.9174341559410095,
            0.9227489233016968
        ],
        "map_50": [
            0.9421746134757996,
            0.9893139600753784,
            0.9897212386131287,
            0.989880383014679,
            0.989956259727478
        ],
        "map_75": [
            0.9041917324066162,
            0.9791799187660217,
            0.989180326461792,
            0.9896293878555298,
            0.9897506237030029
        ],
        "map_small": [
            0.6836048364639282,
            0.7923429012298584,
            0.8129598498344421,
            0.8167515397071838,
            0.8265811800956726
        ],
        "map_medium": [
            0.8010550737380981,
            0.8935455083847046,
            0.908243715763092,
            0.9172684550285339,
            0.9233132004737854
        ],
        "map_large": [
            0.8119488954544067,
            0.9309957027435303,
            0.9329404830932617,
            0.9388545155525208,
            0.9587363600730896
        ],
        "mar_1": [
            0.28953269124031067,
            0.31671467423439026,
            0.3199610710144043,
            0.3220815062522888,
            0.32322898507118225
        ],
        "mar_10": [
            0.8372765779495239,
            0.9216885566711426,
            0.9333367347717285,
            0.9406159520149231,
            0.9452462196350098
        ],
        "mar_100": [
            0.8457717895507812,
            0.9217327237129211,
            0.9333885908126831,
            0.9406159520149231,
            0.945287823677063
        ],
        "mar_small": [
            0.7924302220344543,
            0.8797510266304016,
            0.8925298452377319,
            0.9000995755195618,
            0.9062749743461609
        ],
        "mar_medium": [
            0.8541246652603149,
            0.9281999468803406,
            0.9397716522216797,
            0.9470294117927551,
            0.9512937664985657
        ],
        "mar_large": [
            0.9001297950744629,
            0.9620466232299805,
            0.9696890711784363,
            0.9725388288497925,
            0.9808290600776672
        ],
        "map_per_class": [
            -1.0,
            -1.0,
            -1.0,
            -1.0,
            -1.0
        ],
        "mar_100_per_class": [
            -1.0,
            -1.0,
            -1.0,
            -1.0,
            -1.0
        ]
    },
    "Loss/val/dec": [
        0.05085021989022154,
        0.043574277738587866,
        0.04496549240345187,
        0.0365083851179702,
        0.035309311721889135
    ],
    "Score/val/dec": {
        "map": [
            0.8928041458129883,
            0.9114397764205933,
            0.8957832455635071,
            0.9276958107948303,
            0.9229952692985535
        ],
        "map_50": [
            0.9896825551986694,
            0.9899853467941284,
            0.9900200963020325,
            0.9900416135787964,
            0.990028440952301
        ],
        "map_75": [
            0.9887192845344543,
            0.9898844957351685,
            0.9899557828903198,
            0.9899634718894958,
            0.9899939298629761
        ],
        "map_small": [
            0.7894319295883179,
            0.801443338394165,
            0.8255137801170349,
            0.8554151058197021,
            0.8614805340766907
        ],
        "map_medium": [
            0.8927320241928101,
            0.9114649295806885,
            0.8935335874557495,
            0.9266546368598938,
            0.9210100173950195
        ],
        "map_large": [
            0.9264971613883972,
            0.9389597177505493,
            0.9275691509246826,
            0.9366145730018616,
            0.918329119682312
        ],
        "mar_1": [
            0.3063911497592926,
            0.3106451630592346,
            0.30576613545417786,
            0.3152434527873993,
            0.3139631152153015
        ],
        "mar_10": [
            0.9201713800430298,
            0.9373588562011719,
            0.9245363473892212,
            0.9495311975479126,
            0.9466680288314819
        ],
        "mar_100": [
            0.9201713800430298,
            0.9373588562011719,
            0.9245363473892212,
            0.9495311975479126,
            0.9466680288314819
        ],
        "mar_small": [
            0.8858214616775513,
            0.9040218591690063,
            0.8907293081283569,
            0.9108457565307617,
            0.9088676571846008
        ],
        "mar_medium": [
            0.9248059988021851,
            0.9418884515762329,
            0.9290080070495605,
            0.9551032185554504,
            0.9519756436347961
        ],
        "mar_large": [
            0.9571428298950195,
            0.9714285135269165,
            0.9640394449234009,
            0.9733989834785461,
            0.9758620262145996
        ],
        "map_per_class": [
            -1.0,
            -1.0,
            -1.0,
            -1.0,
            -1.0
        ],
        "mar_100_per_class": [
            -1.0,
            -1.0,
            -1.0,
            -1.0,
            -1.0
        ]
    }
}