{
      "Loss/train/dec": [
            0.10538907491028217,
            0.05190722411238926,
            0.04571794034486446,
            0.04196187791186774,
            0.039264807292049744
      ],
      "Score/train/dec": {
            "map": [
                  0.7949675917625427,
                  0.8928384184837341,
                  0.9094364047050476,
                  0.9162487983703613,
                  0.9228810667991638
            ],
            "map_50": [
                  0.9325094819068909,
                  0.9881928563117981,
                  0.989278256893158,
                  0.9896625280380249,
                  0.9897921681404114
            ],
            "map_75": [
                  0.8990859389305115,
                  0.9783158898353577,
                  0.9877710342407227,
                  0.9890901446342468,
                  0.989572286605835
            ],
            "map_small": [
                  0.6860252022743225,
                  0.7895301580429077,
                  0.8101526498794556,
                  0.8200427889823914,
                  0.8241700530052185
            ],
            "map_medium": [
                  0.7948949337005615,
                  0.8912221193313599,
                  0.9076959490776062,
                  0.9152335524559021,
                  0.922298014163971
            ],
            "map_large": [
                  0.7749719023704529,
                  0.9287391304969788,
                  0.9347094297409058,
                  0.9404341578483582,
                  0.9475015997886658
            ],
            "mar_1": [
                  0.2848917245864868,
                  0.3140237629413605,
                  0.31741198897361755,
                  0.31898418068885803,
                  0.3206969201564789
            ],
            "mar_10": [
                  0.836689293384552,
                  0.9196224212646484,
                  0.9324221611022949,
                  0.9395731091499329,
                  0.9445055723190308
            ],
            "mar_100": [
                  0.8485239148139954,
                  0.9196867942810059,
                  0.9324221611022949,
                  0.9395731091499329,
                  0.9445055723190308
            ],
            "mar_small": [
                  0.7976889610290527,
                  0.8724603652954102,
                  0.8879048228263855,
                  0.8960850834846497,
                  0.9018896222114563
            ],
            "mar_medium": [
                  0.8561372756958008,
                  0.9263519048690796,
                  0.9389810562133789,
                  0.9459275007247925,
                  0.9506039619445801
            ],
            "mar_large": [
                  0.8904010653495789,
                  0.9673147201538086,
                  0.9732685089111328,
                  0.9764277338981628,
                  0.9842041730880737
            ],
            "map_per_class": [
                  -1.0,
                  -1.0,
                  -1.0,
                  -1.0,
                  -1.0
            ],
            "mar_100_per_class": [
                  -1.0,
                  -1.0,
                  -1.0,
                  -1.0,
                  -1.0
            ]
      },
      "Loss/val/dec": [
            0.051410152885191476,
            0.04535646611994068,
            0.04068570654657162,
            0.03993803588788735,
            0.03559942240711523
      ],
      "Score/val/dec": {
            "map": [
                  0.8860653638839722,
                  0.9024908542633057,
                  0.9169025421142578,
                  0.9165809154510498,
                  0.9231617450714111
            ],
            "map_50": [
                  0.9886079430580139,
                  0.9896700382232666,
                  0.9898542165756226,
                  0.9899167418479919,
                  0.9899218082427979
            ],
            "map_75": [
                  0.9873019456863403,
                  0.9893475770950317,
                  0.9896703958511353,
                  0.989755392074585,
                  0.9897714853286743
            ],
            "map_small": [
                  0.8042911887168884,
                  0.8190222382545471,
                  0.8150081634521484,
                  0.7934340834617615,
                  0.8402436375617981
            ],
            "map_medium": [
                  0.8826355934143066,
                  0.9008222222328186,
                  0.916899561882019,
                  0.9174129962921143,
                  0.9225014448165894
            ],
            "map_large": [
                  0.8424378037452698,
                  0.8975146412849426,
                  0.9563919305801392,
                  0.9455342292785645,
                  0.9325307607650757
            ],
            "mar_1": [
                  0.31292468309402466,
                  0.31773504614830017,
                  0.32143375277519226,
                  0.3210805356502533,
                  0.32381299138069153
            ],
            "mar_10": [
                  0.9160311818122864,
                  0.9291428327560425,
                  0.940841555595398,
                  0.9403843879699707,
                  0.9450181126594543
            ],
            "mar_100": [
                  0.916259765625,
                  0.9291428327560425,
                  0.940841555595398,
                  0.9403843879699707,
                  0.9450181126594543
            ],
            "mar_small": [
                  0.8679744005203247,
                  0.8838087916374207,
                  0.8969329595565796,
                  0.9022111892700195,
                  0.8939372301101685
            ],
            "mar_medium": [
                  0.9234521985054016,
                  0.9356020092964172,
                  0.9469164609909058,
                  0.9456019401550293,
                  0.9523096084594727
            ],
            "mar_large": [
                  0.9324873685836792,
                  0.9588832855224609,
                  0.9822335243225098,
                  0.9827411770820618,
                  0.9842640161514282
            ],
            "map_per_class": [
                  -1.0,
                  -1.0,
                  -1.0,
                  -1.0,
                  -1.0
            ],
            "mar_100_per_class": [
                  -1.0,
                  -1.0,
                  -1.0,
                  -1.0,
                  -1.0
            ]
      }
}