{
      "Loss/train": [
            0.16287552115963574,
            0.1104801948359696,
            0.10393296724971766,
            0.09946938172104498,
            0.09796604004643948,
            0.09431400494404467,
            0.09428061790054687,
            0.09539755229031369,
            0.0898561635252809,
            0.08960837775940263,
            0.08615508253265064,
            0.08488255887310993,
            0.08442733440279916,
            0.08381991002932689,
            0.08265223547694589,
            0.08577651435366894,
            0.08351153331796991,
            0.08280539474192157,
            0.08233385536827993,
            0.08044003092759215,
            0.08187553675813461,
            0.08070728279451087,
            0.08042074716286962,
            0.08165737904425718,
            0.0814227477993758,
            0.08085730790942576,
            0.0809303657611543,
            0.08170594000233353,
            0.0809867975164451,
            0.08073067935992588
      ],
      "Loss/val": [
            0.14383959139653152,
            0.14152532677246585,
            0.13048285576138738,
            0.13181456012241438,
            0.13114039960231705,
            0.1259509293538905,
            0.12687100066147058,
            0.11822219174043963,
            0.12377599126303926,
            0.11833521832418849,
            0.11437951445264248,
            0.11516825626096076,
            0.11581334088387628,
            0.11869002995651655,
            0.11794167685059039,
            0.12006989857368586,
            0.12431249066249764,
            0.11991656087712284,
            0.11791670803532403,
            0.12446543124021095,
            0.11806926061762268,
            0.12580981180860032,
            0.11605423952728709,
            0.11447731945622207,
            0.10990749839236981,
            0.1231052392330394,
            0.12724053721567968,
            0.11436623283236688,
            0.11940032038692476,
            0.11368395660574525
      ],
      "Score/val": {
            "map": [
                  0.4729897677898407,
                  0.5001327395439148,
                  0.5214015245437622,
                  0.5354562997817993,
                  0.5235252380371094,
                  0.5392946600914001,
                  0.5522390007972717,
                  0.55173659324646,
                  0.5505530834197998,
                  0.5545982122421265,
                  0.5667437314987183,
                  0.5698941946029663,
                  0.5706009268760681,
                  0.5715274214744568,
                  0.5752823948860168,
                  0.5701342821121216,
                  0.5765163898468018,
                  0.5771781802177429,
                  0.5799489617347717,
                  0.5686411261558533,
                  0.5736984610557556,
                  0.5772687196731567,
                  0.5764191746711731,
                  0.569646954536438,
                  0.5802823901176453,
                  0.5784834027290344,
                  0.5833425521850586,
                  0.58661288022995,
                  0.5758572816848755,
                  0.5826987028121948
            ],
            "map_50": [
                  0.6630970239639282,
                  0.6978477239608765,
                  0.7243660092353821,
                  0.7422803640365601,
                  0.7476707696914673,
                  0.7529064416885376,
                  0.7641463279724121,
                  0.770394504070282,
                  0.7562773823738098,
                  0.7678463459014893,
                  0.7810949683189392,
                  0.785318911075592,
                  0.7820941209793091,
                  0.7821668982505798,
                  0.787231981754303,
                  0.7818372249603271,
                  0.7863938808441162,
                  0.7852404117584229,
                  0.7893317341804504,
                  0.7798739075660706,
                  0.779344379901886,
                  0.7896714806556702,
                  0.79035884141922,
                  0.7879192233085632,
                  0.7917817831039429,
                  0.7863730788230896,
                  0.7911075353622437,
                  0.7974872589111328,
                  0.7967545986175537,
                  0.7929297685623169
            ],
            "map_75": [
                  0.550018310546875,
                  0.5806512236595154,
                  0.605962336063385,
                  0.6159327030181885,
                  0.6018557548522949,
                  0.6271578073501587,
                  0.6442097425460815,
                  0.6389287710189819,
                  0.6391695737838745,
                  0.6391446590423584,
                  0.6564531922340393,
                  0.6566163897514343,
                  0.6642580032348633,
                  0.6622978448867798,
                  0.6632086038589478,
                  0.6617429852485657,
                  0.6662504076957703,
                  0.6722177863121033,
                  0.6738208532333374,
                  0.656486451625824,
                  0.6666733622550964,
                  0.6696110963821411,
                  0.6726443767547607,
                  0.6644027233123779,
                  0.6692655682563782,
                  0.6756153106689453,
                  0.6770387291908264,
                  0.6763362884521484,
                  0.6585855484008789,
                  0.6738976240158081
            ],
            "map_small": [
                  0.21264603734016418,
                  0.2256181240081787,
                  0.25943589210510254,
                  0.2659386396408081,
                  0.2537050247192383,
                  0.26847943663597107,
                  0.2839908301830292,
                  0.2843139171600342,
                  0.2782818078994751,
                  0.274448037147522,
                  0.2920100688934326,
                  0.2950863242149353,
                  0.30282336473464966,
                  0.29617756605148315,
                  0.3068884015083313,
                  0.29768604040145874,
                  0.29843851923942566,
                  0.30256661772727966,
                  0.31171488761901855,
                  0.28889894485473633,
                  0.29669860005378723,
                  0.3068752884864807,
                  0.30274656414985657,
                  0.3045676648616791,
                  0.30639123916625977,
                  0.3104856312274933,
                  0.3219800591468811,
                  0.3191852867603302,
                  0.3015429675579071,
                  0.31008994579315186
            ],
            "map_medium": [
                  0.461517870426178,
                  0.49261045455932617,
                  0.5094650387763977,
                  0.5282495021820068,
                  0.5167810320854187,
                  0.5349953770637512,
                  0.5483811497688293,
                  0.5460481643676758,
                  0.5469969511032104,
                  0.5477835536003113,
                  0.5575402975082397,
                  0.5611513257026672,
                  0.5620239973068237,
                  0.5631677508354187,
                  0.5711383819580078,
                  0.5594031810760498,
                  0.5693396329879761,
                  0.5735796689987183,
                  0.5755155086517334,
                  0.5663630366325378,
                  0.5658782720565796,
                  0.5729185342788696,
                  0.5691518783569336,
                  0.5657761693000793,
                  0.5743139982223511,
                  0.5754151344299316,
                  0.5753931999206543,
                  0.5777682065963745,
                  0.5727687478065491,
                  0.5791849493980408
            ],