{
      "Loss/train/dec": [
            0.10644308491105405,
            0.050782822448495,
            0.04465648412543,
            0.040882348688751825,
            0.038294669568406034
      ],
      "Score/train/dec": {
            "map": [
                  0.8017851710319519,
                  0.8919028639793396,
                  0.9083473682403564,
                  0.9153672456741333,
                  0.921837568283081
            ],
            "map_50": [
                  0.9406486749649048,
                  0.9892029166221619,
                  0.9897396564483643,
                  0.9898805618286133,
                  0.9899529218673706
            ],
            "map_75": [
                  0.9082870483398438,
                  0.9787761569023132,
                  0.9888917803764343,
                  0.9895177483558655,
                  0.9897308945655823
            ],
            "map_small": [
                  0.6853870153427124,
                  0.780433177947998,
                  0.8074888586997986,
                  0.8161906003952026,
                  0.8241630792617798
            ],
            "map_medium": [
                  0.800613284111023,
                  0.8903285264968872,
                  0.9049894213676453,
                  0.9128875136375427,
                  0.9207376837730408
            ],
            "map_large": [
                  0.7974002957344055,
                  0.9179282784461975,
                  0.9265796542167664,
                  0.9477876424789429,
                  0.9487952589988708
            ],
            "mar_1": [
                  0.288906991481781,
                  0.31485068798065186,
                  0.3186522424221039,
                  0.32062625885009766,
                  0.3217114508152008
            ],
            "mar_10": [
                  0.8396192789077759,
                  0.9194064140319824,
                  0.932601273059845,
                  0.9392789602279663,
                  0.943860650062561
            ],
            "mar_100": [
                  0.8484563827514648,
                  0.9195152521133423,
                  0.9326115846633911,
                  0.9392789602279663,
                  0.943860650062561
            ],
            "mar_small": [
                  0.7947404384613037,
                  0.8729066848754883,
                  0.8895677328109741,
                  0.8960686922073364,
                  0.9014636278152466
            ],
            "mar_medium": [
                  0.8566974401473999,
                  0.9264779090881348,
                  0.9390056729316711,
                  0.9456301927566528,
                  0.9502140879631042
            ],
            "mar_large": [
                  0.8970975875854492,
                  0.9629287719726562,
                  0.9700527191162109,
                  0.9778364300727844,
                  0.9806068539619446
            ],
            "map_per_class": [
                  -1.0,
                  -1.0,
                  -1.0,
                  -1.0,
                  -1.0
            ],
            "mar_100_per_class": [
                  -1.0,
                  -1.0,
                  -1.0,
                  -1.0,
                  -1.0
            ]
      },
      "Loss/val/dec": [
            0.050606747878839876,
            0.04283172521615714,
            0.03920216071719101,
            0.037766465665956976,
            0.034650200315016914
      ],
      "Score/val/dec": {
            "map": [
                  0.8960002064704895,
                  0.9080187082290649,
                  0.9204356670379639,
                  0.9168148040771484,
                  0.9293944239616394
            ],
            "map_50": [
                  0.9896152019500732,
                  0.9899399280548096,
                  0.9899712204933167,
                  0.9899621605873108,
                  0.9899796843528748
            ],
            "map_75": [
                  0.9892125129699707,
                  0.9898068308830261,
                  0.9898868203163147,
                  0.9899095296859741,
                  0.9899775981903076
            ],
            "map_small": [
                  0.7971653342247009,
                  0.8403306007385254,
                  0.8408846259117126,
                  0.8493502140045166,
                  0.819610059261322
            ],
            "map_medium": [
                  0.8930326700210571,
                  0.9025653600692749,
                  0.9181632995605469,
                  0.913823664188385,
                  0.9274110794067383
            ],
            "map_large": [
                  0.9307807087898254,
                  0.9191768765449524,
                  0.9362235069274902,
                  0.941649317741394,
                  0.9630559682846069
            ],
            "mar_1": [
                  0.3149259686470032,
                  0.3180002272129059,
                  0.32129180431365967,
                  0.3204326331615448,
                  0.3232998549938202
            ],
            "mar_10": [
                  0.9248731732368469,
                  0.9370147585868835,
                  0.9436807632446289,
                  0.9430804252624512,
                  0.9518062472343445
            ],
            "mar_100": [
                  0.9248731732368469,
                  0.9370147585868835,
                  0.9436807632446289,
                  0.9430804252624512,
                  0.9518062472343445
            ],
            "mar_small": [
                  0.8905660510063171,
                  0.9006506204605103,
                  0.9003903269767761,
                  0.910865306854248,
                  0.9215354919433594
            ],
            "mar_medium": [
                  0.9299987554550171,
                  0.942509651184082,
                  0.95051509141922,
                  0.9481195211410522,
                  0.9565843343734741
            ],
            "mar_large": [
                  0.9666666984558105,
                  0.9746268391609192,
                  0.979602038860321,
                  0.9716418385505676,
                  0.9781093597412109
            ],
            "map_per_class": [
                  -1.0,
                  -1.0,
                  -1.0,
                  -1.0,
                  -1.0
            ],
            "mar_100_per_class": [
                  -1.0,
                  -1.0,
                  -1.0,
                  -1.0,
                  -1.0
            ]
      }
}