{
      "Test/detection/scores": {
            "map": [
                  0.3517029881477356
            ],
            "map_50": [
                  0.509899377822876
            ],
            "map_75": [
                  0.40279489755630493
            ],
            "map_small": [
                  0.07836266607046127
            ],
            "map_medium": [
                  0.3463287055492401
            ],
            "map_large": [
                  0.5671977996826172
            ],
            "mar_1": [
                  0.2997715473175049
            ],
            "mar_10": [
                  0.4664127826690674
            ],
            "mar_100": [
                  0.4664127826690674
            ],
            "mar_small": [
                  0.11593089997768402
            ],
            "mar_medium": [
                  0.47631922364234924
            ],
            "mar_large": [
                  0.7509337663650513
            ],
            "map_per_class": [
                  -1.0
            ],
            "mar_100_per_class": [
                  -1.0
            ]
      },
      "Test/scores": {
            "map": [
                  0.31378990411758423
            ],
            "map_50": [
                  0.4536725580692291
            ],
            "map_75": [
                  0.35554125905036926
            ],
            "map_small": [
                  0.06812958419322968
            ],
            "map_medium": [
                  0.31423303484916687
            ],
            "map_large": [
                  0.5152214765548706
            ],
            "mar_1": [
                  0.35037514567375183
            ],
            "mar_10": [
                  0.37113258242607117
            ],
            "mar_100": [
                  0.37113258242607117
            ],
            "mar_small": [
                  0.0733460858464241
            ],
            "mar_medium": [
                  0.38565731048583984
            ],
            "mar_large": [
                  0.5877659916877747
            ],
            "map_per_class": [
                  -1.0
            ],
            "mar_100_per_class": [
                  -1.0
            ]
      }
}