{
      "Test/detection/scores": {
            "map": [
                  0.6622552871704102
            ],
            "map_50": [
                  0.8338082432746887
            ],
            "map_75": [
                  0.8049914836883545
            ],
            "map_small": [
                  0.5366747379302979
            ],
            "map_medium": [
                  0.7304767370223999
            ],
            "map_large": [
                  0.7573293447494507
            ],
            "mar_1": [
                  0.4819025993347168
            ],
            "mar_10": [
                  0.734106719493866
            ],
            "mar_100": [
                  0.734106719493866
            ],
            "mar_small": [
                  0.6499999761581421
            ],
            "mar_medium": [
                  0.7866935729980469
            ],
            "mar_large": [
                  0.804347813129425
            ],
            "map_per_class": [
                  -1.0
            ],
            "mar_100_per_class": [
                  -1.0
            ]
      },
      "Test/scores": {
            "map": [
                  0.5494110584259033
            ],
            "map_50": [
                  0.688020646572113
            ],
            "map_75": [
                  0.6389623880386353
            ],
            "map_small": [
                  0.4493439197540283
            ],
            "map_medium": [
                  0.6445120573043823
            ],
            "map_large": [
                  0.815555989742279
            ],
            "mar_1": [
                  0.4919161796569824
            ],
            "mar_10": [
                  0.5720439553260803
            ],
            "mar_100": [
                  0.5720439553260803
            ],
            "mar_small": [
                  0.48182404041290283
            ],
            "mar_medium": [
                  0.6627461910247803
            ],
            "mar_large": [
                  0.819230854511261
            ],
            "map_per_class": [
                  -1.0
            ],
            "mar_100_per_class": [
                  -1.0
            ]
      }
}