{
      "Test/detection/scores": {
            "map": [
                  0.6906561255455017
            ],
            "map_50": [
                  0.8476822972297668
            ],
            "map_75": [
                  0.8386820554733276
            ],
            "map_small": [
                  0.5889546871185303
            ],
            "map_medium": [
                  0.7285253405570984
            ],
            "map_large": [
                  0.6655445694923401
            ],
            "mar_1": [
                  0.4957316815853119
            ],
            "mar_10": [
                  0.7545731663703918
            ],
            "mar_100": [
                  0.7545731663703918
            ],
            "mar_small": [
                  0.71074378490448
            ],
            "mar_medium": [
                  0.7836537957191467
            ],
            "mar_large": [
                  0.675000011920929
            ],
            "map_per_class": [
                  -1.0
            ],
            "mar_100_per_class": [
                  -1.0
            ]
      },
      "Test/scores": {
            "map": [
                  0.5793179869651794
            ],
            "map_50": [
                  0.690487265586853
            ],
            "map_75": [
                  0.6869394779205322
            ],
            "map_small": [
                  0.3909830152988434
            ],
            "map_medium": [
                  0.6864303946495056
            ],
            "map_large": [
                  0.8108910918235779
            ],
            "mar_1": [
                  0.533836305141449
            ],
            "mar_10": [
                  0.5984983444213867
            ],
            "mar_100": [
                  0.5984983444213867
            ],
            "mar_small": [
                  0.44644695520401
            ],
            "mar_medium": [
                  0.6998259425163269
            ],
            "mar_large": [
                  0.8100000023841858
            ],
            "map_per_class": [
                  -1.0
            ],
            "mar_100_per_class": [
                  -1.0
            ]
      }
}