{
      "Test/detection/scores": {
            "map": [
                  0.6651896238327026
            ],
            "map_50": [
                  0.8270946741104126
            ],
            "map_75": [
                  0.8061613440513611
            ],
            "map_small": [
                  0.5483983159065247
            ],
            "map_medium": [
                  0.7249475121498108
            ],
            "map_large": [
                  0.7399019002914429
            ],
            "mar_1": [
                  0.47478431463241577
            ],
            "mar_10": [
                  0.7325982451438904
            ],
            "mar_100": [
                  0.7325982451438904
            ],
            "mar_small": [
                  0.6624690890312195
            ],
            "mar_medium": [
                  0.7777777910232544
            ],
            "mar_large": [
                  0.7861111760139465
            ],
            "map_per_class": [
                  -1.0
            ],
            "mar_100_per_class": [
                  -1.0
            ]
      },
      "Test/scores": {
            "map": [
                  0.5261894464492798
            ],
            "map_50": [
                  0.6461575627326965
            ],
            "map_75": [
                  0.6164575219154358
            ],
            "map_small": [
                  0.3646283447742462
            ],
            "map_medium": [
                  0.6256181001663208
            ],
            "map_large": [
                  0.8189643025398254
            ],
            "mar_1": [
                  0.4914948642253876
            ],
            "mar_10": [
                  0.5554024577140808
            ],
            "mar_100": [
                  0.5554024577140808
            ],
            "mar_small": [
                  0.41951465606689453
            ],
            "mar_medium": [
                  0.6467542052268982
            ],
            "mar_large": [
                  0.8235294222831726
            ],
            "map_per_class": [
                  -1.0
            ],
            "mar_100_per_class": [
                  -1.0
            ]
      }
}