{
      "Test/detection/scores": {
            "map": [
                  0.7168055772781372
            ],
            "map_50": [
                  0.8753747940063477
            ],
            "map_75": [
                  0.8640283346176147
            ],
            "map_small": [
                  0.5865846872329712
            ],
            "map_medium": [
                  0.7783814072608948
            ],
            "map_large": [
                  0.6510640382766724
            ],
            "mar_1": [
                  0.49066081643104553
            ],
            "mar_10": [
                  0.7941850423812866
            ],
            "mar_100": [
                  0.7941850423812866
            ],
            "mar_small": [
                  0.7107475996017456
            ],
            "mar_medium": [
                  0.8473072052001953
            ],
            "mar_large": [
                  0.8125
            ],
            "map_per_class": [
                  -1.0
            ],
            "mar_100_per_class": [
                  -1.0
            ]
      },
      "Test/scores": {
            "map": [
                  0.6611524820327759
            ],
            "map_50": [
                  0.7987731099128723
            ],
            "map_75": [
                  0.7900893688201904
            ],
            "map_small": [
                  0.5142390727996826
            ],
            "map_medium": [
                  0.7370031476020813
            ],
            "map_large": [
                  0.7926278710365295
            ],
            "mar_1": [
                  0.6101363897323608
            ],
            "mar_10": [
                  0.6958140730857849
            ],
            "mar_100": [
                  0.6958140730857849
            ],
            "mar_small": [
                  0.5634397268295288
            ],
            "mar_medium": [
                  0.7615498304367065
            ],
            "mar_large": [
                  0.8262500166893005
            ],
            "map_per_class": [
                  -1.0
            ],
            "mar_100_per_class": [
                  -1.0
            ]
      }
}