{
    "Test/detection/scores": {
        "map": [
            0.7106859087944031
        ],
        "map_50": [
            0.883206307888031
        ],
        "map_75": [
            0.872984766960144
        ],
        "map_small": [
            0.5983300805091858
        ],
        "map_medium": [
            0.7719257473945618
        ],
        "map_large": [
            0.7328792214393616
        ],
        "mar_1": [
            0.4942604899406433
        ],
        "mar_10": [
            0.7918322682380676
        ],
        "mar_100": [
            0.7918322682380676
        ],
        "mar_small": [
            0.6966291666030884
        ],
        "mar_medium": [
            0.8496123552322388
        ],
        "mar_large": [
            0.8956522941589355
        ],
        "map_per_class": [
            -1.0
        ],
        "mar_100_per_class": [
            -1.0
        ]
    },
    "Test/scores": {
        "map": [
            0.6605970859527588
        ],
        "map_50": [
            0.8099830746650696
        ],
        "map_75": [
            0.7982074022293091
        ],
        "map_small": [
            0.5522149205207825
        ],
        "map_medium": [
            0.7425638437271118
        ],
        "map_large": [
            0.9101865887641907
        ],
        "mar_1": [
            0.5996560454368591
        ],
        "mar_10": [
            0.6871037483215332
        ],
        "mar_100": [
            0.6871037483215332
        ],
        "mar_small": [
            0.5804210305213928
        ],
        "mar_medium": [
            0.7599702477455139
        ],
        "mar_large": [
            0.910897433757782
        ],
        "map_per_class": [
            -1.0
        ],
        "mar_100_per_class": [
            -1.0
        ]
    }
}