{
    "Test/detection/scores": {
        "map": [
            0.3590785562992096
        ],
        "map_50": [
            0.5100648999214172
        ],
        "map_75": [
            0.4121370315551758
        ],
        "map_small": [
            0.07675807923078537
        ],
        "map_medium": [
            0.3534635901451111
        ],
        "map_large": [
            0.5809977650642395
        ],
        "mar_1": [
            0.3017134368419647
        ],
        "mar_10": [
            0.46667879819869995
        ],
        "mar_100": [
            0.46667879819869995
        ],
        "mar_small": [
            0.11402877420186996
        ],
        "mar_medium": [
            0.4797973036766052
        ],
        "mar_large": [
            0.7550987005233765
        ],
        "map_per_class": [
            -1.0
        ],
        "mar_100_per_class": [
            -1.0
        ]
    },
    "Test/scores": {
        "map": [
            0.37818199396133423
        ],
        "map_50": [
            0.5288094878196716
        ],
        "map_75": [
            0.43095144629478455
        ],
        "map_small": [
            0.09206908196210861
        ],
        "map_medium": [
            0.38047337532043457
        ],
        "map_large": [
            0.6100853085517883
        ],
        "mar_1": [
            0.4092657268047333
        ],
        "mar_10": [
            0.4395911693572998
        ],
        "mar_100": [
            0.4395911693572998
        ],
        "mar_small": [
            0.10155521333217621
        ],
        "mar_medium": [
            0.46348854899406433
        ],
        "mar_large": [
            0.6752361059188843
        ],
        "map_per_class": [
            -1.0
        ],
        "mar_100_per_class": [
            -1.0
        ]
    }
}