{
    "Test/detection/scores": {
        "map": [
            0.7448728084564209
        ],
        "map_50": [
            0.9030365943908691
        ],
        "map_75": [
            0.8892056941986084
        ],
        "map_small": [
            0.5997000336647034
        ],
        "map_medium": [
            0.8040167093276978
        ],
        "map_large": [
            0.5826944708824158
        ],
        "mar_1": [
            0.528448224067688
        ],
        "mar_10": [
            0.8112069368362427
        ],
        "mar_100": [
            0.8112069368362427
        ],
        "mar_small": [
            0.7435483932495117
        ],
        "mar_medium": [
            0.8546667098999023
        ],
        "mar_large": [
            0.7222222089767456
        ],
        "map_per_class": [
            -1.0
        ],
        "mar_100_per_class": [
            -1.0
        ]
    },
    "Test/scores": {
        "map": [
            0.7217877507209778
        ],
        "map_50": [
            0.8543241024017334
        ],
        "map_75": [
            0.8496231436729431
        ],
        "map_small": [
            0.583078920841217
        ],
        "map_medium": [
            0.8004419207572937
        ],
        "map_large": [
            0.8689109086990356
        ],
        "mar_1": [
            0.6509177088737488
        ],
        "mar_10": [
            0.7430029511451721
        ],
        "mar_100": [
            0.7430029511451721
        ],
        "mar_small": [
            0.6283765435218811
        ],
        "mar_medium": [
            0.8136531710624695
        ],
        "mar_large": [
            0.8679999709129333
        ],
        "map_per_class": [
            -1.0
        ],
        "mar_100_per_class": [
            -1.0
        ]
    }
}