{
    "Loss/train/dec": [
        0.10286169011468765,
        0.04753985016724965,
        0.04035431061678165,
        0.03681712391131756,
        0.03369585258912168
    ],
    "Score/train/dec": {
        "map": [
            0.8240001201629639,
            0.9167697429656982,
            0.9284284710884094,
            0.9364725947380066,
            0.9416678547859192
        ],
        "map_50": [
            0.9463481903076172,
            0.9896093606948853,
            0.9898651242256165,
            0.9899812936782837,
            0.9900229573249817
        ],
        "map_75": [
            0.9150189161300659,
            0.9884491562843323,
            0.9895790219306946,
            0.9898183345794678,
            0.9899212718009949
        ],
        "map_small": [
            0.7266981601715088,
            0.8252938985824585,
            0.8405158519744873,
            0.8500034213066101,
            0.8626254796981812
        ],
        "map_medium": [
            0.8237083554267883,
            0.9154437184333801,
            0.9282689094543457,
            0.9382486343383789,
            0.9428054690361023
        ],
        "map_large": [
            0.825204610824585,
            0.9517065286636353,
            0.9650708436965942,
            0.9619613289833069,
            0.970639705657959
        ],
        "mar_1": [
            0.29364246129989624,
            0.3202567994594574,
            0.3230689465999603,
            0.3246060013771057,
            0.32562512159347534
        ],
        "mar_10": [
            0.8562180399894714,
            0.9375840425491333,
            0.9474682807922363,
            0.9540169835090637,
            0.9580466151237488
        ],
        "mar_100": [
            0.8638931512832642,
            0.937609851360321,
            0.9474682807922363,
            0.9540169835090637,
            0.9580466151237488
        ],
        "mar_small": [
            0.827386736869812,
            0.9018731117248535,
            0.9123557806015015,
            0.9197793006896973,
            0.9251922369003296
        ],
        "mar_medium": [
            0.8695834875106812,
            0.9429632425308228,
            0.9527648091316223,
            0.9591727256774902,
            0.9630575180053711
        ],
        "mar_large": [
            0.9015932083129883,
            0.9737745523452759,
            0.9816176295280457,
            0.9868872761726379,
            0.98811274766922
        ],
        "map_per_class": [
            -1.0,
            -1.0,
            -1.0,
            -1.0,
            -1.0
        ],
        "mar_100_per_class": [
            -1.0,
            -1.0,
            -1.0,
            -1.0,
            -1.0
        ]
    },
    "Loss/val/dec": [
        0.045097724961883884,
        0.039795970694729975,
        0.0369519525394997,
        0.03325620045995011,
        0.02892224443586249
    ],
    "Score/val/dec": {
        "map": [
            0.927624523639679,
            0.9264122843742371,
            0.9288269877433777,
            0.9422031044960022,
            0.9514554738998413
        ],
        "map_50": [
            0.9896627068519592,
            0.9899863004684448,
            0.9899961352348328,
            0.9900255799293518,
            0.9900326728820801
        ],
        "map_75": [
            0.9895439743995667,
            0.9899246692657471,
            0.9899856448173523,
            0.9900071620941162,
            0.9900232553482056
        ],
        "map_small": [
            0.8492187261581421,
            0.8488371968269348,
            0.8344140648841858,
            0.8733145594596863,
            0.898371696472168
        ],
        "map_medium": [
            0.9312753677368164,
            0.9291355013847351,
            0.9335643649101257,
            0.9431236386299133,
            0.9507447481155396
        ],
        "map_large": [
            0.9742991924285889,
            0.9732424020767212,
            0.974030613899231,
            0.9767693281173706,
            0.9815367460250854
        ],
        "mar_1": [
            0.3250052332878113,
            0.3241925835609436,
            0.3248280882835388,
            0.3278391659259796,
            0.32959991693496704
        ],
        "mar_10": [
            0.9469577074050903,
            0.9485308527946472,
            0.9514898061752319,
            0.9593144655227661,
            0.9660137891769409
        ],
        "mar_100": [
            0.9470618963241577,
            0.9485308527946472,
            0.9514898061752319,
            0.9593144655227661,
            0.9660137891769409
        ],
        "mar_small": [
            0.9113066792488098,
            0.9190927743911743,
            0.9268787503242493,
            0.9223425984382629,
            0.9338523745536804
        ],
        "mar_medium": [
            0.9524284601211548,
            0.9528144001960754,
            0.955043613910675,
            0.965018630027771,
            0.9709712266921997
        ],
        "mar_large": [
            0.9821101427078247,
            0.9807339906692505,
            0.9825688600540161,
            0.9899082183837891,
            0.9926605224609375
        ],
        "map_per_class": [
            -1.0,
            -1.0,
            -1.0,
            -1.0,
            -1.0
        ],
        "mar_100_per_class": [
            -1.0,
            -1.0,
            -1.0,
            -1.0,
            -1.0
        ]
    }
}