{
      "Test/detection/scores": {
            "map": [
                  0.32535865902900696
            ],
            "map_50": [
                  0.5295835733413696
            ],
            "map_75": [
                  0.35293158888816833
            ],
            "map_small": [
                  0.07222951203584671
            ],
            "map_medium": [
                  0.32022419571876526
            ],
            "map_large": [
                  0.5351307392120361
            ],
            "mar_1": [
                  0.2767450213432312
            ],
            "mar_10": [
                  0.43379631638526917
            ],
            "mar_100": [
                  0.43379631638526917
            ],
            "mar_small": [
                  0.09811966121196747
            ],
            "mar_medium": [
                  0.44241490960121155
            ],
            "mar_large": [
                  0.7338815927505493
            ],
            "map_per_class": [
                  -1.0
            ],
            "mar_100_per_class": [
                  -1.0
            ]
      },
      "Test/scores": {
            "map": [
                  0.33131465315818787
            ],
            "map_50": [
                  0.5305388569831848
            ],
            "map_75": [
                  0.36523908376693726
            ],
            "map_small": [
                  0.08477973192930222
            ],
            "map_medium": [
                  0.33128491044044495
            ],
            "map_large": [
                  0.584672749042511
            ],
            "mar_1": [
                  0.3729096055030823
            ],
            "mar_10": [
                  0.4000968933105469
            ],
            "mar_100": [
                  0.4000968933105469
            ],
            "mar_small": [
                  0.09069257974624634
            ],
            "mar_medium": [
                  0.4154128134250641
            ],
            "mar_large": [
                  0.6642126441001892
            ],
            "map_per_class": [
                  -1.0
            ],
            "mar_100_per_class": [
                  -1.0
            ]
      }
}