{
      "Test/detection/scores": {
            "map": [
                  0.7503112554550171
            ],
            "map_50": [
                  0.9233510494232178
            ],
            "map_75": [
                  0.8995041251182556
            ],
            "map_small": [
                  0.6573408842086792
            ],
            "map_medium": [
                  0.790831446647644
            ],
            "map_large": [
                  0.6232672929763794
            ],
            "mar_1": [
                  0.5398281216621399
            ],
            "mar_10": [
                  0.817764937877655
            ],
            "mar_100": [
                  0.817764937877655
            ],
            "mar_small": [
                  0.7540322542190552
            ],
            "mar_medium": [
                  0.8597345352172852
            ],
            "mar_large": [
                  0.7111110687255859
            ],
            "map_per_class": [
                  -1.0
            ],
            "mar_100_per_class": [
                  -1.0
            ]
      },
      "Test/scores": {
            "map": [
                  0.7169873118400574
            ],
            "map_50": [
                  0.8515952229499817
            ],
            "map_75": [
                  0.840084969997406
            ],
            "map_small": [
                  0.5820725560188293
            ],
            "map_medium": [
                  0.7905347943305969
            ],
            "map_large": [
                  0.8448184132575989
            ],
            "mar_1": [
                  0.634520947933197
            ],
            "mar_10": [
                  0.7336060404777527
            ],
            "mar_100": [
                  0.7336060404777527
            ],
            "mar_small": [
                  0.6012043952941895
            ],
            "mar_medium": [
                  0.8107993006706238
            ],
            "mar_large": [
                  0.8479999303817749
            ],
            "map_per_class": [
                  -1.0
            ],
            "mar_100_per_class": [
                  -1.0
            ]
      }
}