{
      "Test/detection/scores": {
            "map": [
                  0.6930838823318481
            ],
            "map_50": [
                  0.9035463929176331
            ],
            "map_75": [
                  0.8453377485275269
            ],
            "map_small": [
                  0.5943087339401245
            ],
            "map_medium": [
                  0.7428053021430969
            ],
            "map_large": [
                  0.7840119004249573
            ],
            "mar_1": [
                  0.4859340786933899
            ],
            "mar_10": [
                  0.7641758322715759
            ],
            "mar_100": [
                  0.7641758322715759
            ],
            "mar_small": [
                  0.6774011254310608
            ],
            "mar_medium": [
                  0.8152672052383423
            ],
            "mar_large": [
                  0.8772727251052856
            ],
            "map_per_class": [
                  -1.0
            ],
            "mar_100_per_class": [
                  -1.0
            ]
      },
      "Test/scores": {
            "map": [
                  0.6649932265281677
            ],
            "map_50": [
                  0.8373553156852722
            ],
            "map_75": [
                  0.8092912435531616
            ],
            "map_small": [
                  0.5781043767929077
            ],
            "map_medium": [
                  0.7233116030693054
            ],
            "map_large": [
                  0.8704493641853333
            ],
            "mar_1": [
                  0.599659264087677
            ],
            "mar_10": [
                  0.6850036382675171
            ],
            "mar_100": [
                  0.6850036382675171
            ],
            "mar_small": [
                  0.5998138189315796
            ],
            "mar_medium": [
                  0.7410938739776611
            ],
            "mar_large": [
                  0.8782051801681519
            ],
            "map_per_class": [
                  -1.0
            ],
            "mar_100_per_class": [
                  -1.0
            ]
      }
}