{
      "Test/detection/scores": {
            "map": [
                  0.7215860486030579
            ],
            "map_50": [
                  0.9083184599876404
            ],
            "map_75": [
                  0.8730270266532898
            ],
            "map_small": [
                  0.6261103749275208
            ],
            "map_medium": [
                  0.7618638277053833
            ],
            "map_large": [
                  0.7094058990478516
            ],
            "mar_1": [
                  0.49956026673316956
            ],
            "mar_10": [
                  0.7937555313110352
            ],
            "mar_100": [
                  0.7937555313110352
            ],
            "mar_small": [
                  0.7106382250785828
            ],
            "mar_medium": [
                  0.8437409400939941
            ],
            "mar_large": [
                  0.841025710105896
            ],
            "map_per_class": [
                  -1.0
            ],
            "mar_100_per_class": [
                  -1.0
            ]
      },
      "Test/scores": {
            "map": [
                  0.6718346476554871
            ],
            "map_50": [
                  0.827110767364502
            ],
            "map_75": [
                  0.8093123435974121
            ],
            "map_small": [
                  0.5620911717414856
            ],
            "map_medium": [
                  0.720872700214386
            ],
            "map_large": [
                  0.8028366565704346
            ],
            "mar_1": [
                  0.6101207137107849
            ],
            "mar_10": [
                  0.6997246146202087
            ],
            "mar_100": [
                  0.6997246146202087
            ],
            "mar_small": [
                  0.5892033576965332
            ],
            "mar_medium": [
                  0.7500265836715698
            ],
            "mar_large": [
                  0.8420832753181458
            ],
            "map_per_class": [
                  -1.0
            ],
            "mar_100_per_class": [
                  -1.0
            ]
      }
}