{
      "Test/detection/scores": {
            "map": [
                  0.7187708616256714
            ],
            "map_50": [
                  0.9103619456291199
            ],
            "map_75": [
                  0.8701345324516296
            ],
            "map_small": [
                  0.6155412197113037
            ],
            "map_medium": [
                  0.7814481854438782
            ],
            "map_large": [
                  0.7768509387969971
            ],
            "mar_1": [
                  0.4940528869628906
            ],
            "mar_10": [
                  0.7927312850952148
            ],
            "mar_100": [
                  0.7927312850952148
            ],
            "mar_small": [
                  0.6899441480636597
            ],
            "mar_medium": [
                  0.8579151034355164
            ],
            "mar_large": [
                  0.8818181753158569
            ],
            "map_per_class": [
                  -1.0
            ],
            "mar_100_per_class": [
                  -1.0
            ]
      },
      "Test/scores": {
            "map": [
                  0.6625703573226929
            ],
            "map_50": [
                  0.820153534412384
            ],
            "map_75": [
                  0.7998371720314026
            ],
            "map_small": [
                  0.5458588600158691
            ],
            "map_medium": [
                  0.7442793250083923
            ],
            "map_large": [
                  0.9029322266578674
            ],
            "mar_1": [
                  0.5998182892799377
            ],
            "mar_10": [
                  0.685715913772583
            ],
            "mar_100": [
                  0.685715913772583
            ],
            "mar_small": [
                  0.5733788013458252
            ],
            "mar_medium": [
                  0.7604572772979736
            ],
            "mar_large": [
                  0.9044871926307678
            ],
            "map_per_class": [
                  -1.0
            ],
            "mar_100_per_class": [
                  -1.0
            ]
      }
}