{
      "Test/detection/scores": {
            "map": [
                  0.7438939213752747
            ],
            "map_50": [
                  0.912349283695221
            ],
            "map_75": [
                  0.8840183019638062
            ],
            "map_small": [
                  0.6369048953056335
            ],
            "map_medium": [
                  0.8070271611213684
            ],
            "map_large": [
                  0.7047553062438965
            ],
            "mar_1": [
                  0.5066078901290894
            ],
            "mar_10": [
                  0.8127753138542175
            ],
            "mar_100": [
                  0.8127753138542175
            ],
            "mar_small": [
                  0.7205607295036316
            ],
            "mar_medium": [
                  0.8729650378227234
            ],
            "mar_large": [
                  0.8025640249252319
            ],
            "map_per_class": [
                  -1.0
            ],
            "mar_100_per_class": [
                  -1.0
            ]
      },
      "Test/scores": {
            "map": [
                  0.6812859773635864
            ],
            "map_50": [
                  0.8223898410797119
            ],
            "map_75": [
                  0.8084343075752258
            ],
            "map_small": [
                  0.5344625115394592
            ],
            "map_medium": [
                  0.7588277459144592
            ],
            "map_large": [
                  0.7925742268562317
            ],
            "mar_1": [
                  0.6182549595832825
            ],
            "mar_10": [
                  0.7076048851013184
            ],
            "mar_100": [
                  0.7076048851013184
            ],
            "mar_small": [
                  0.567895770072937
            ],
            "mar_medium": [
                  0.7827466726303101
            ],
            "mar_large": [
                  0.8231944441795349
            ],
            "map_per_class": [
                  -1.0
            ],
            "mar_100_per_class": [
                  -1.0
            ]
      }
}