{
      "Test/detection/scores": {
            "map": [
                  0.7795512676239014
            ],
            "map_50": [
                  0.9322286248207092
            ],
            "map_75": [
                  0.9117949604988098
            ],
            "map_small": [
                  0.6765689253807068
            ],
            "map_medium": [
                  0.8379662036895752
            ],
            "map_large": [
                  0.6588284373283386
            ],
            "mar_1": [
                  0.5491329431533813
            ],
            "mar_10": [
                  0.8375722169876099
            ],
            "mar_100": [
                  0.8375722169876099
            ],
            "mar_small": [
                  0.7661290168762207
            ],
            "mar_medium": [
                  0.8852018117904663
            ],
            "mar_large": [
                  0.7111110687255859
            ],
            "map_per_class": [
                  -1.0
            ],
            "mar_100_per_class": [
                  -1.0
            ]
      },
      "Test/scores": {
            "map": [
                  0.7639910578727722
            ],
            "map_50": [
                  0.8891652822494507
            ],
            "map_75": [
                  0.8845177292823792
            ],
            "map_small": [
                  0.6132077574729919
            ],
            "map_medium": [
                  0.8502365350723267
            ],
            "map_large": [
                  0.8595378994941711
            ],
            "mar_1": [
                  0.6805001497268677
            ],
            "mar_10": [
                  0.7783930897712708
            ],
            "mar_100": [
                  0.7783930897712708
            ],
            "mar_small": [
                  0.6339185237884521
            ],
            "mar_medium": [
                  0.864977240562439
            ],
            "mar_large": [
                  0.8639999628067017
            ],
            "map_per_class": [
                  -1.0
            ],
            "mar_100_per_class": [
                  -1.0
            ]
      }
}