{
      "Test/detection/scores": {
            "map": [
                  0.3378705382347107
            ],
            "map_50": [
                  0.5235281586647034
            ],
            "map_75": [
                  0.37663504481315613
            ],
            "map_small": [
                  0.07228656858205795
            ],
            "map_medium": [
                  0.33292195200920105
            ],
            "map_large": [
                  0.5693166255950928
            ],
            "mar_1": [
                  0.28460729122161865
            ],
            "mar_10": [
                  0.4470157027244568
            ],
            "mar_100": [
                  0.4470157027244568
            ],
            "mar_small": [
                  0.10164743661880493
            ],
            "mar_medium": [
                  0.4549878239631653
            ],
            "mar_large": [
                  0.767100989818573
            ],
            "map_per_class": [
                  -1.0
            ],
            "mar_100_per_class": [
                  -1.0
            ]
      },
      "Test/scores": {
            "map": [
                  0.34826570749282837
            ],
            "map_50": [
                  0.5396947860717773
            ],
            "map_75": [
                  0.3851722180843353
            ],
            "map_small": [
                  0.08503195643424988
            ],
            "map_medium": [
                  0.34837284684181213
            ],
            "map_large": [
                  0.6107938885688782
            ],
            "mar_1": [
                  0.38328272104263306
            ],
            "mar_10": [
                  0.41224029660224915
            ],
            "mar_100": [
                  0.41224029660224915
            ],
            "mar_small": [
                  0.10160364955663681
            ],
            "mar_medium": [
                  0.42615628242492676
            ],
            "mar_large": [
                  0.6780253648757935
            ],
            "map_per_class": [
                  -1.0
            ],
            "mar_100_per_class": [
                  -1.0
            ]
      }
}