{
      "Loss/train/dec": [
            0.10113957464383574,
            0.044286946990979896,
            0.0376101763051107,
            0.03367790297458046,
            0.03106301518635761
      ],
      "Score/train/dec": {
            "map": [
                  0.8555573225021362,
                  0.9283296465873718,
                  0.9393602609634399,
                  0.9448097944259644,
                  0.9491602182388306
            ],
            "map_50": [
                  0.9614105224609375,
                  0.9899944067001343,
                  0.9900241494178772,
                  0.9900285601615906,
                  0.9900621175765991
            ],
            "map_75": [
                  0.9481568336486816,
                  0.9899718761444092,
                  0.990016520023346,
                  0.9900259375572205,
                  0.9900574684143066
            ],
            "map_small": [
                  0.742416262626648,
                  0.8256855010986328,
                  0.8457508087158203,
                  0.8531566262245178,
                  0.8603031635284424
            ],
            "map_medium": [
                  0.856073796749115,
                  0.9286444783210754,
                  0.9399815797805786,
                  0.9456871747970581,
                  0.9506722092628479
            ],
            "map_large": [
                  0.8583304286003113,
                  0.9613096117973328,
                  0.9716247916221619,
                  0.9669946432113647,
                  0.9748834371566772
            ],
            "mar_1": [
                  0.30202704668045044,
                  0.3230399787425995,
                  0.3252982199192047,
                  0.3264421820640564,
                  0.327387273311615
            ],
            "mar_10": [
                  0.8845426440238953,
                  0.9518618583679199,
                  0.9605613946914673,
                  0.965266227722168,
                  0.968481183052063
            ],
            "mar_100": [
                  0.8908485174179077,
                  0.9518618583679199,
                  0.9605613946914673,
                  0.965266227722168,
                  0.968481183052063
            ],
            "mar_small": [
                  0.8440612554550171,
                  0.9139178991317749,
                  0.9260767698287964,
                  0.9326379895210266,
                  0.9344885945320129
            ],
            "mar_medium": [
                  0.8981817364692688,
                  0.9575990438461304,
                  0.9658843278884888,
                  0.970292866230011,
                  0.9737540483474731
            ],
            "mar_large": [
                  0.9319783449172974,
                  0.9872628450393677,
                  0.989159882068634,
                  0.9913278818130493,
                  0.992953896522522
            ],
            "map_per_class": [
                  -1.0,
                  -1.0,
                  -1.0,
                  -1.0,
                  -1.0
            ],
            "mar_100_per_class": [
                  -1.0,
                  -1.0,
                  -1.0,
                  -1.0,
                  -1.0
            ]
      },
      "Loss/val/dec": [
            0.04931052348295245,
            0.03746447259258239,
            0.03297927460228646,
            0.031076353614732606,
            0.02950615829403171
      ],
      "Score/val/dec": {
            "map": [
                  0.9164948463439941,
                  0.9419530630111694,
                  0.9478600025177002,
                  0.9514142274856567,
                  0.9516832232475281
            ],
            "map_50": [
                  0.9899472594261169,
                  0.9899905323982239,
                  0.9900543689727783,
                  0.9900455474853516,
                  0.9900444746017456
            ],
            "map_75": [
                  0.9899410009384155,
                  0.9899763464927673,
                  0.9900317192077637,
                  0.9900264143943787,
                  0.9900176525115967
            ],
            "map_small": [
                  0.7728868126869202,
                  0.8673555254936218,
                  0.8700848817825317,
                  0.8687342405319214,
                  0.8747543692588806
            ],
            "map_medium": [
                  0.9175983667373657,
                  0.942212700843811,
                  0.9492212533950806,
                  0.9531026482582092,
                  0.9531632661819458
            ],
            "map_large": [
                  0.9461087584495544,
                  0.9649861454963684,
                  0.9586267471313477,
                  0.9595060348510742,
                  0.9546844959259033
            ],
            "mar_1": [
                  0.3165610432624817,
                  0.32264360785484314,
                  0.3236863613128662,
                  0.3244428336620331,
                  0.324483722448349
            ],
            "mar_10": [
                  0.942353367805481,
                  0.9614087343215942,
                  0.9673174619674683,
                  0.9693415760993958,
                  0.9689838290214539
            ],
            "mar_100": [
                  0.942353367805481,
                  0.9614087343215942,
                  0.9673174619674683,
                  0.9693415760993958,
                  0.9689838290214539
            ],
            "mar_small": [
                  0.9134419560432434,
                  0.9209774732589722,
                  0.9286489486694336,
                  0.9322471618652344,
                  0.929599404335022
            ],
            "mar_medium": [
                  0.9461144208908081,
                  0.967271625995636,
                  0.9730938076972961,
                  0.9748476147651672,
                  0.9748842120170593
            ],
            "mar_large": [
                  0.9819003939628601,
                  0.992760181427002,
                  0.9914027452468872,
                  0.9950225949287415,
                  0.9941176176071167
            ],
            "map_per_class": [
                  -1.0,
                  -1.0,
                  -1.0,
                  -1.0,
                  -1.0
            ],
            "mar_100_per_class": [
                  -1.0,
                  -1.0,
                  -1.0,
                  -1.0,
                  -1.0
            ]
      }
}