{
      "Loss/train/dec": [
            0.1017734203539535,
            0.052078561740278646,
            0.045849930132586425,
            0.041454633037868206,
            0.03893105774345136
      ],
      "Score/train/dec": {
            "map": [
                  0.7999551296234131,
                  0.8931465148925781,
                  0.9087201356887817,
                  0.9167434573173523,
                  0.9224182367324829
            ],
            "map_50": [
                  0.9426273107528687,
                  0.9891942143440247,
                  0.9896753430366516,
                  0.9898654222488403,
                  0.9899570941925049
            ],
            "map_75": [
                  0.9016773700714111,
                  0.9790005683898926,
                  0.988917887210846,
                  0.9894775748252869,
                  0.989715039730072
            ],
            "map_small": [
                  0.6936582922935486,
                  0.793841540813446,
                  0.8146827220916748,
                  0.8209004998207092,
                  0.8248800039291382
            ],
            "map_medium": [
                  0.799508810043335,
                  0.891508936882019,
                  0.9059362411499023,
                  0.9148934483528137,
                  0.920954167842865
            ],
            "map_large": [
                  0.7790262699127197,
                  0.9191859364509583,
                  0.9391037225723267,
                  0.9449188113212585,
                  0.9511910676956177
            ],
            "mar_1": [
                  0.28794169425964355,
                  0.31562355160713196,
                  0.3192451298236847,
                  0.32101964950561523,
                  0.3222878575325012
            ],
            "mar_10": [
                  0.8356102705001831,
                  0.9196959733963013,
                  0.9325190782546997,
                  0.9393529891967773,
                  0.9440499544143677
            ],
            "mar_100": [
                  0.8441637754440308,
                  0.9198460578918457,
                  0.9325190782546997,
                  0.9393657445907593,
                  0.9440499544143677
            ],
            "mar_small": [
                  0.7969568967819214,
                  0.8781402707099915,
                  0.8932375907897949,
                  0.8993067741394043,
                  0.9061368703842163
            ],
            "mar_medium": [
                  0.8514854311943054,
                  0.9259373545646667,
                  0.938300609588623,
                  0.9452975988388062,
                  0.949695885181427
            ],
            "mar_large": [
                  0.8750311136245728,
                  0.9658384323120117,
                  0.9721739888191223,
                  0.9780124425888062,
                  0.9809937477111816
            ],
            "map_per_class": [
                  -1.0,
                  -1.0,
                  -1.0,
                  -1.0,
                  -1.0
            ],
            "mar_100_per_class": [
                  -1.0,
                  -1.0,
                  -1.0,
                  -1.0,
                  -1.0
            ]
      },
      "Loss/val/dec": [
            0.0540251826050825,
            0.0437007906761984,
            0.04125343322509549,
            0.038625922024084054,
            0.03579955244734238
      ],
      "Score/val/dec": {
            "map": [
                  0.8812654614448547,
                  0.9083508849143982,
                  0.9152730703353882,
                  0.9174526929855347,
                  0.9190837740898132
            ],
            "map_50": [
                  0.9894735217094421,
                  0.989916980266571,
                  0.9899564981460571,
                  0.9899644255638123,
                  0.9899839162826538
            ],
            "map_75": [
                  0.9879269003868103,
                  0.9895533919334412,
                  0.9897364377975464,
                  0.9899002909660339,
                  0.9899503588676453
            ],
            "map_small": [
                  0.8246660828590393,
                  0.8306527733802795,
                  0.8420595526695251,
                  0.8364503383636475,
                  0.8204759359359741
            ],
            "map_medium": [
                  0.8763844966888428,
                  0.9077591300010681,
                  0.9144685864448547,
                  0.916598379611969,
                  0.9171833992004395
            ],
            "map_large": [
                  0.8700470328330994,
                  0.8942351341247559,
                  0.9204933047294617,
                  0.9527992010116577,
                  0.9716556668281555
            ],
            "mar_1": [
                  0.31077590584754944,
                  0.31794607639312744,
                  0.31980574131011963,
                  0.3199627995491028,
                  0.31963011622428894
            ],
            "mar_10": [
                  0.9120467305183411,
                  0.93498295545578,
                  0.940262496471405,
                  0.9421367645263672,
                  0.9442917704582214
            ],
            "mar_100": [
                  0.9120467305183411,
                  0.93498295545578,
                  0.940262496471405,
                  0.9421367645263672,
                  0.9442917704582214
            ],
            "mar_small": [
                  0.8695350885391235,
                  0.898750901222229,
                  0.8998611569404602,
                  0.9067314267158508,
                  0.9197084307670593
            ],
            "mar_medium": [
                  0.9177447557449341,
                  0.9404328465461731,
                  0.945843517780304,
                  0.9468084573745728,
                  0.9475405812263489
            ],
            "mar_large": [
                  0.9468468427658081,
                  0.9567567706108093,
                  0.9770270586013794,
                  0.9828828573226929,
                  0.98243248462677
            ],
            "map_per_class": [
                  -1.0,
                  -1.0,
                  -1.0,
                  -1.0,
                  -1.0
            ],
            "mar_100_per_class": [
                  -1.0,
                  -1.0,
                  -1.0,
                  -1.0,
                  -1.0
            ]
      }
}