{
      "Loss/train/dec": [
            0.09326313187342264,
            0.03775129323427338,
            0.029726843314314542,
            0.025318835534143835,
            0.022704591421877543
      ],
      "Score/train/dec": {
            "map": [
                  0.8667151927947998,
                  0.9522106647491455,
                  0.9625048637390137,
                  0.969735860824585,
                  0.9716841578483582
            ],
            "map_50": [
                  0.959881603717804,
                  0.9898662567138672,
                  0.9899942874908447,
                  0.9900406002998352,
                  0.9900640845298767
            ],
            "map_75": [
                  0.9381777048110962,
                  0.9896200299263,
                  0.989902675151825,
                  0.9899840354919434,
                  0.9900426864624023
            ],
            "map_small": [
                  0.7620981335639954,
                  0.8772487044334412,
                  0.903461217880249,
                  0.9116042852401733,
                  0.922210156917572
            ],
            "map_medium": [
                  0.8714524507522583,
                  0.9526327848434448,
                  0.9645720720291138,
                  0.969855546951294,
                  0.9729911088943481
            ],
            "map_large": [
                  0.8451935648918152,
                  0.9587959051132202,
                  0.9665696620941162,
                  0.9733030796051025,
                  0.973080575466156
            ],
            "mar_1": [
                  0.30546873807907104,
                  0.32827430963516235,
                  0.33038777112960815,
                  0.331373393535614,
                  0.33190107345581055
            ],
            "mar_10": [
                  0.8920555114746094,
                  0.966564953327179,
                  0.9759551882743835,
                  0.9807305335998535,
                  0.9833328127861023
            ],
            "mar_100": [
                  0.8986522555351257,
                  0.966564953327179,
                  0.9759551882743835,
                  0.9807305335998535,
                  0.9833328127861023
            ],
            "mar_small": [
                  0.8329561352729797,
                  0.9211551547050476,
                  0.9380987286567688,
                  0.9463297724723816,
                  0.9523706436157227
            ],
            "mar_medium": [
                  0.9057649374008179,
                  0.9709343910217285,
                  0.9795209765434265,
                  0.9840475916862488,
                  0.9863850474357605
            ],
            "mar_large": [
                  0.9189808964729309,
                  0.9898088574409485,
                  0.9945222735404968,
                  0.9963056445121765,
                  0.9970701336860657
            ],
            "map_per_class": [
                  -1.0,
                  -1.0,
                  -1.0,
                  -1.0,
                  -1.0
            ],
            "mar_100_per_class": [
                  -1.0,
                  -1.0,
                  -1.0,
                  -1.0,
                  -1.0
            ]
      },
      "Loss/val/dec": [
            0.05034518401405894,
            0.02926711236010882,
            0.02561738907597558,
            0.022042478290951285,
            0.020396482497384533
      ],
      "Score/val/dec": {
            "map": [
                  0.9121164679527283,
                  0.9653055667877197,
                  0.969796895980835,
                  0.9736440181732178,
                  0.974700391292572
            ],
            "map_50": [
                  0.9898175597190857,
                  0.989976704120636,
                  0.9900190234184265,
                  0.9900376796722412,
                  0.9900487065315247
            ],
            "map_75": [
                  0.9897977113723755,
                  0.9899682402610779,
                  0.9900169968605042,
                  0.9900366067886353,
                  0.9900476336479187
            ],
            "map_small": [
                  0.832131564617157,
                  0.9145424365997314,
                  0.9266019463539124,
                  0.9349089860916138,
                  0.936172604560852
            ],
            "map_medium": [
                  0.9135913252830505,
                  0.9694346189498901,
                  0.9737015962600708,
                  0.9780361652374268,
                  0.9756694436073303
            ],
            "map_large": [
                  0.9646938443183899,
                  0.9883348345756531,
                  0.9826701283454895,
                  0.9579789638519287,
                  0.9669759273529053
            ],
            "mar_1": [
                  0.31819313764572144,
                  0.3307461738586426,
                  0.3314705789089203,
                  0.3321225345134735,
                  0.33210188150405884
            ],
            "mar_10": [
                  0.9414054751396179,
                  0.9785159826278687,
                  0.9820863604545593,
                  0.984921932220459,
                  0.9860706329345703
            ],
            "mar_100": [
                  0.9414054751396179,
                  0.9785159826278687,
                  0.9820863604545593,
                  0.984921932220459,
                  0.9860706329345703
            ],
            "mar_small": [
                  0.91777104139328,
                  0.9445783495903015,
                  0.9528112411499023,
                  0.9550200700759888,
                  0.9570280909538269
            ],
            "mar_medium": [
                  0.9430807828903198,
                  0.9816025495529175,
                  0.9848836660385132,
                  0.987819492816925,
                  0.9888671040534973
            ],
            "mar_large": [
                  0.9708542823791504,
                  0.9939697980880737,
                  0.994472324848175,
                  0.9949749112129211,
                  0.9969848394393921
            ],
            "map_per_class": [
                  -1.0,
                  -1.0,
                  -1.0,
                  -1.0,
                  -1.0
            ],
            "mar_100_per_class": [
                  -1.0,
                  -1.0,
                  -1.0,
                  -1.0,
                  -1.0
            ]
      }
}