{
      "Test/detection/scores": {
            "map": [
                  0.34575706720352173
            ],
            "map_50": [
                  0.5250048041343689
            ],
            "map_75": [
                  0.39135077595710754
            ],
            "map_small": [
                  0.07266835123300552
            ],
            "map_medium": [
                  0.33744633197784424
            ],
            "map_large": [
                  0.5629721283912659
            ],
            "mar_1": [
                  0.2951825261116028
            ],
            "mar_10": [
                  0.4515242576599121
            ],
            "mar_100": [
                  0.4515242576599121
            ],
            "mar_small": [
                  0.09710424393415451
            ],
            "mar_medium": [
                  0.45324254035949707
            ],
            "mar_large": [
                  0.7546063661575317
            ],
            "map_per_class": [
                  -1.0
            ],
            "mar_100_per_class": [
                  -1.0
            ]
      },
      "Test/scores": {
            "map": [
                  0.32848912477493286
            ],
            "map_50": [
                  0.4951491057872772
            ],
            "map_75": [
                  0.3758198618888855
            ],
            "map_small": [
                  0.07294446229934692
            ],
            "map_medium": [
                  0.3287123143672943
            ],
            "map_large": [
                  0.5658581256866455
            ],
            "mar_1": [
                  0.3705711364746094
            ],
            "mar_10": [
                  0.39554721117019653
            ],
            "mar_100": [
                  0.39554721117019653
            ],
            "mar_small": [
                  0.07786418497562408
            ],
            "mar_medium": [
                  0.40729445219039917
            ],
            "mar_large": [
                  0.6443939208984375
            ],
            "map_per_class": [
                  -1.0
            ],
            "mar_100_per_class": [
                  -1.0
            ]
      }
}