{
      "Test/detection/scores": {
            "map": [
                  0.6895122528076172
            ],
            "map_50": [
                  0.8788251876831055
            ],
            "map_75": [
                  0.8354849219322205
            ],
            "map_small": [
                  0.5855711698532104
            ],
            "map_medium": [
                  0.7477484345436096
            ],
            "map_large": [
                  0.7010892629623413
            ],
            "mar_1": [
                  0.48657718300819397
            ],
            "mar_10": [
                  0.7588366866111755
            ],
            "mar_100": [
                  0.7588366866111755
            ],
            "mar_small": [
                  0.6653178930282593
            ],
            "mar_medium": [
                  0.8217899203300476
            ],
            "mar_large": [
                  0.7826086282730103
            ],
            "map_per_class": [
                  -1.0
            ],
            "mar_100_per_class": [
                  -1.0
            ]
      },
      "Test/scores": {
            "map": [
                  0.6111851930618286
            ],
            "map_50": [
                  0.750954806804657
            ],
            "map_75": [
                  0.7344729900360107
            ],
            "map_small": [
                  0.4810798764228821
            ],
            "map_medium": [
                  0.7102164030075073
            ],
            "map_large": [
                  0.7714013457298279
            ],
            "mar_1": [
                  0.5470950603485107
            ],
            "mar_10": [
                  0.6381955742835999
            ],
            "mar_100": [
                  0.6381955742835999
            ],
            "mar_small": [
                  0.517070472240448
            ],
            "mar_medium": [
                  0.7279360294342041
            ],
            "mar_large": [
                  0.7903845906257629
            ],
            "map_per_class": [
                  -1.0
            ],
            "mar_100_per_class": [
                  -1.0
            ]
      }
}