{
      "Test/detection/scores": {
            "map": [
                  0.7433745861053467
            ],
            "map_50": [
                  0.8980925679206848
            ],
            "map_75": [
                  0.8843031525611877
            ],
            "map_small": [
                  0.6438832879066467
            ],
            "map_medium": [
                  0.7896185517311096
            ],
            "map_large": [
                  0.6887787580490112
            ],
            "mar_1": [
                  0.5314868688583374
            ],
            "mar_10": [
                  0.8029154539108276
            ],
            "mar_100": [
                  0.8029154539108276
            ],
            "mar_small": [
                  0.7233871221542358
            ],
            "mar_medium": [
                  0.8554545640945435
            ],
            "mar_large": [
                  0.6999999284744263
            ],
            "map_per_class": [
                  -1.0
            ],
            "mar_100_per_class": [
                  -1.0
            ]
      },
      "Test/scores": {
            "map": [
                  0.6781676411628723
            ],
            "map_50": [
                  0.7958981990814209
            ],
            "map_75": [
                  0.7904387712478638
            ],
            "map_small": [
                  0.4962092339992523
            ],
            "map_medium": [
                  0.757806122303009
            ],
            "map_large": [
                  0.8428713083267212
            ],
            "mar_1": [
                  0.6143016815185547
            ],
            "mar_10": [
                  0.6923702359199524
            ],
            "mar_100": [
                  0.6923702359199524
            ],
            "mar_small": [
                  0.5148341655731201
            ],
            "mar_medium": [
                  0.7764143347740173
            ],
            "mar_large": [
                  0.8439999222755432
            ],
            "map_per_class": [
                  -1.0
            ],
            "mar_100_per_class": [
                  -1.0
            ]
      }
}