{
      "Test/detection/scores": {
            "map": [
                  0.7090729475021362
            ],
            "map_50": [
                  0.8791189193725586
            ],
            "map_75": [
                  0.8471707701683044
            ],
            "map_small": [
                  0.6075598001480103
            ],
            "map_medium": [
                  0.7616434693336487
            ],
            "map_large": [
                  0.6823382377624512
            ],
            "mar_1": [
                  0.49329155683517456
            ],
            "mar_10": [
                  0.7762969732284546
            ],
            "mar_100": [
                  0.7762969732284546
            ],
            "mar_small": [
                  0.6862233281135559
            ],
            "mar_medium": [
                  0.8370753526687622
            ],
            "mar_large": [
                  0.7449999451637268
            ],
            "map_per_class": [
                  -1.0
            ],
            "mar_100_per_class": [
                  -1.0
            ]
      },
      "Test/scores": {
            "map": [
                  0.6112012267112732
            ],
            "map_50": [
                  0.7370023131370544
            ],
            "map_75": [
                  0.7245485186576843
            ],
            "map_small": [
                  0.4549296200275421
            ],
            "map_medium": [
                  0.6972301602363586
            ],
            "map_large": [
                  0.7265296578407288
            ],
            "mar_1": [
                  0.561289370059967
            ],
            "mar_10": [
                  0.6411499977111816
            ],
            "mar_100": [
                  0.6411499977111816
            ],
            "mar_small": [
                  0.49722349643707275
            ],
            "mar_medium": [
                  0.7207671403884888
            ],
            "mar_large": [
                  0.7381944060325623
            ],
            "map_per_class": [
                  -1.0
            ],
            "mar_100_per_class": [
                  -1.0
            ]
      }
}